-- ==========================================
-- INSERTS INICIALES PARA AMBAS BASES
-- ==========================================

-- ROLES
INSERT INTO ROL (ID_ROL, NOMBRE_ROL, DIAS_PRESTAMO) VALUES (1, 'Estudiante', 5);
INSERT INTO ROL (ID_ROL, NOMBRE_ROL, DIAS_PRESTAMO) VALUES (2, 'Profesor', 10);
INSERT INTO ROL (ID_ROL, NOMBRE_ROL, DIAS_PRESTAMO) VALUES (3, 'Administrativo', 5);

-- USUARIOS
INSERT INTO USUARIO (ID_USUARIO, NOMBRE, APELLIDO, NOMBRE_USUARIO, CONTRASEÑA, CORREO_RECUPERACION, ID_ROL)
VALUES (1, 'Carlos', 'Gómez', 'cgomez', '1234', 'cgomez@uni.edu.co', 1);

INSERT INTO USUARIO (ID_USUARIO, NOMBRE, APELLIDO, NOMBRE_USUARIO, CONTRASEÑA, CORREO_RECUPERACION, ID_ROL)
VALUES (2, 'Laura', 'Martínez', 'lmartinez', 'abcd', 'lmartinez@uni.edu.co', 2);

INSERT INTO USUARIO (ID_USUARIO, NOMBRE, APELLIDO, NOMBRE_USUARIO, CONTRASEÑA, CORREO_RECUPERACION, ID_ROL)
VALUES (3, 'Andrés', 'Rojas', 'arojas', 'pass', 'arojas@uni.edu.co', 3);

-- TIPOS DE DOCUMENTO
INSERT INTO TIPODOCUMENTO (ID_TIPO, NOMBRE_TIPO) VALUES (1, 'Libro');
INSERT INTO TIPODOCUMENTO (ID_TIPO, NOMBRE_TIPO) VALUES (2, 'Tesis');
INSERT INTO TIPODOCUMENTO (ID_TIPO, NOMBRE_TIPO) VALUES (3, 'Artículo Científico');
INSERT INTO TIPODOCUMENTO (ID_TIPO, NOMBRE_TIPO) VALUES (4, 'Revista');
INSERT INTO TIPODOCUMENTO (ID_TIPO, NOMBRE_TIPO) VALUES (5, 'Acta de Reunión');
INSERT INTO TIPODOCUMENTO (ID_TIPO, NOMBRE_TIPO) VALUES (6, 'Correspondencia');

-- AUTORES
INSERT INTO AUTOR (ID_AUTOR, NOMBRE_AUTOR) VALUES (1, 'Gabriel García Márquez');
INSERT INTO AUTOR (ID_AUTOR, NOMBRE_AUTOR) VALUES (2, 'Stephen Hawking');
INSERT INTO AUTOR (ID_AUTOR, NOMBRE_AUTOR) VALUES (3, 'Albert Einstein');

-- EDITORIALES
INSERT INTO EDITORIAL (ID_EDITORIAL, NOMBRE_EDITORIAL) VALUES (1, 'Planeta');
INSERT INTO EDITORIAL (ID_EDITORIAL, NOMBRE_EDITORIAL) VALUES (2, 'Oxford Press');
INSERT INTO EDITORIAL (ID_EDITORIAL, NOMBRE_EDITORIAL) VALUES (3, 'Cambridge University');

-- DOCUMENTOS
INSERT INTO DOCUMENTO (ID_DOCUMENTO, TITULO, FORMATO, ID_TIPO, DISPONIBLE, UBICACION_FISICA)
VALUES (1, 'Cien Años de Soledad', 'Fisico', 1, TRUE, 'Estante A1');

INSERT INTO DOCUMENTO (ID_DOCUMENTO, TITULO, FORMATO, ID_TIPO, DISPONIBLE, UBICACION_FISICA)
VALUES (2, 'Breve Historia del Tiempo', 'Digital', 1, TRUE, NULL);

INSERT INTO DOCUMENTO (ID_DOCUMENTO, TITULO, FORMATO, ID_TIPO, DISPONIBLE, UBICACION_FISICA)
VALUES (3, 'Relatividad: La Teoría Especial y General', 'Fisico', 1, TRUE, 'Estante C2');

-- RELACIONES DOCUMENTO–AUTOR
INSERT INTO DOCUMENTO_AUTOR (ID_DOCUMENTO, ID_AUTOR) VALUES (1, 1);
INSERT INTO DOCUMENTO_AUTOR (ID_DOCUMENTO, ID_AUTOR) VALUES (2, 2);
INSERT INTO DOCUMENTO_AUTOR (ID_DOCUMENTO, ID_AUTOR) VALUES (3, 3);

-- RELACIONES DOCUMENTO–EDITORIAL
INSERT INTO DOCUMENTO_EDITORIAL (ID_DOCUMENTO, ID_EDITORIAL) VALUES (1, 1);
INSERT INTO DOCUMENTO_EDITORIAL (ID_DOCUMENTO, ID_EDITORIAL) VALUES (2, 2);
INSERT INTO DOCUMENTO_EDITORIAL (ID_DOCUMENTO, ID_EDITORIAL) VALUES (3, 3);

-- SOLICITUDES
INSERT INTO SOLICITUD (ID_SOLICITUD, ID_USUARIO, FECHA_SOLICITUD, FECHA_DEVOLUCION, ESTADO)
VALUES (1, 1, CURRENT_TIMESTAMP, CURRENT_TIMESTAMP + INTERVAL '5 day', 'Aprobada');

INSERT INTO SOLICITUD (ID_SOLICITUD, ID_USUARIO, FECHA_SOLICITUD, FECHA_DEVOLUCION, ESTADO)
VALUES (2, 2, CURRENT_TIMESTAMP, CURRENT_TIMESTAMP + INTERVAL '10 day', 'Pendiente');

-- DETALLE DE SOLICITUD
INSERT INTO SOLICITUD_DETALLE (ID_SOLICITUD, ID_DOCUMENTO) VALUES (1, 1);
INSERT INTO SOLICITUD_DETALLE (ID_SOLICITUD, ID_DOCUMENTO) VALUES (1, 2);
INSERT INTO SOLICITUD_DETALLE (ID_SOLICITUD, ID_DOCUMENTO) VALUES (2, 3);
